Epoch	Auc	Accuracy	loss
1	0.502831101574	0.756002087683	0.570860498119
